word,tfidf_score,talk_frequency,global_frequency
samadhi,0.021477,27,1556
holistic,0.020345,8,139
eight-fold,0.016421,5,19
wide,0.012445,12,297
eighth,0.012298,3,6
hilltop,0.011702,3,7
cook,0.010331,4,37
eightfold,0.009632,5,231
include,0.009621,16,477
shortcoming,0.009432,2,3
preoccupation,0.009236,7,227
exclude,0.009152,3,21
awareness,0.008840,20,1389
calmly,0.008678,4,107
periphery,0.008598,3,20
wholeness,0.008377,5,179
focal,0.008199,2,6
dirty,0.007802,2,8
sing,0.007516,3,41
tension,0.007176,10,633
radical,0.007135,4,93
space,0.006566,11,755
path,0.006552,10,1006
factor,0.006368,4,139
wear,0.006220,3,72
divide,0.006220,3,77
traditionally,0.005970,2,15
home,0.005960,7,281
context,0.005877,5,209
breathe,0.005713,19,2612
accept,0.005649,4,151
interrupt,0.005522,2,26
everything,0.005473,16,957
natural,0.005357,6,354
all-inclusion,0.005333,1,1
interruptible,0.005333,1,1
inclusive,0.005165,2,36
spot,0.005161,3,119
phenomenally,0.005086,2,26
deliberate,0.005086,2,41
bowl,0.005011,2,58
bore,0.004868,2,40
solidly,0.004716,1,2
all-inclusive,0.004716,1,2
multitask,0.004716,1,3
paradise,0.004716,1,2
anger,0.004571,4,375
transformation,0.004555,2,71
alternation,0.004355,1,3
centrally,0.004355,1,3
transcendence,0.004355,1,4
gather,0.004323,4,366
peacefully,0.004289,2,54
clothe,0.004289,2,54
expansive,0.004102,2,73
t-shirt,0.004099,1,4
pant,0.004099,1,9
ninth,0.004099,1,4
separate,0.003958,3,163
calm,0.003904,6,853
funeral,0.003901,1,6
muddy,0.003901,1,5
footstep,0.003901,1,5
province,0.003901,1,5
resent,0.003901,1,5
spread,0.003900,3,255
surface,0.003872,3,175
loud,0.003777,2,65
grind,0.003761,3,172
base,0.003602,3,223
safely,0.003601,1,13
approve,0.003483,1,10
particularity,0.003483,1,12
condemn,0.003483,1,8
counter,0.003483,1,12
ground,0.003428,3,242
culmination,0.003378,1,12
parcel,0.003378,1,9
eyesight,0.003284,1,10
scent,0.003284,1,24
byproduct,0.003284,1,10
luminous,0.003284,1,13
samma,0.003284,1,17
cling,0.003270,4,643
goodwill,0.003220,3,540
safety,0.003211,2,120
row,0.003199,1,15
proud,0.003199,1,12
boredom,0.003199,1,21
concentrate,0.003157,2,125
okay,0.003139,8,1205
guest,0.003122,1,15
county,0.003122,1,25
fear,0.003117,4,539
weight,0.003031,2,159
coexist,0.002985,1,19
seem,0.002967,6,526
angry,0.002959,2,186
act,0.002946,3,369
soften,0.002941,5,572
groundedness,0.002923,1,24
paradox,0.002923,1,21
inclusion,0.002866,1,28
open,0.002845,15,1295
gaze,0.002824,2,165
scope,0.002812,1,21
wilderness,0.002812,1,33
peripheral,0.002812,1,41
thailand,0.002812,1,26
openly,0.002812,1,17
hell,0.002812,1,60
live,0.002792,10,1316
garden,0.002761,1,25
tightly,0.002761,1,31
whole,0.002731,10,1332
manifestation,0.002713,1,27
complete,0.002679,2,162
trail,0.002667,1,27
rid,0.002639,2,181
frighten,0.002624,1,31
joyful,0.002624,1,33
harmonious,0.002624,1,25
fulfil,0.002624,1,28
ease,0.002621,4,587
limit,0.002600,2,207
dinner,0.002583,1,27
advantage,0.002583,1,36
precious,0.002583,1,28
calmness,0.002543,1,42
piece,0.002471,2,232
recede,0.002434,1,32
hold,0.002405,8,1072
necessarily,0.002401,2,157
overcome,0.002400,1,59
song,0.002368,1,51
integral,0.002368,1,34
melt,0.002368,1,42
plenty,0.002337,1,36
continuous,0.002337,1,56
previous,0.002337,1,39
book,0.002334,2,272
relax,0.002326,7,1325
harm,0.002318,2,500
happily,0.002307,1,39
break,0.002302,2,206
formal,0.002278,1,43
feed,0.002249,1,50
global,0.002222,1,93
roll,0.002222,1,44
speak,0.002183,3,509
screen,0.002170,1,69
upon,0.002132,2,215
non-harming,0.002120,1,75
object,0.002117,2,321
enlighten,0.002096,1,55
foot,0.002074,2,252
invite,0.002060,2,330
greet,0.002051,1,75
reactive,0.002051,1,69
midst,0.002051,1,56
enlightenment,0.002051,1,74
bottom,0.002029,1,59
statement,0.002029,1,71
birth,0.002029,1,66
release,0.002018,2,320
gravity,0.001986,1,54
awaken,0.001964,2,447
else,0.001963,4,579
transform,0.001946,1,87
especially,0.001937,2,217
intentional,0.001926,1,64
tomorrow,0.001924,2,195
focus,0.001897,3,624
fullness,0.001889,1,71
dissolve,0.001889,1,84
conclusion,0.001889,1,58
absence,0.001889,1,117
healthy,0.001885,2,329
difference,0.001872,2,245
sky,0.001870,1,90
central,0.001870,1,83
kindly,0.001870,1,69
harmony,0.001870,1,148
unification,0.001852,1,110
abide,0.001852,1,159
series,0.001835,2,269
flower,0.001835,1,88
quiet,0.001804,3,648
relaxation,0.001800,1,70
country,0.001784,1,100
necessary,0.001784,1,68
sweet,0.001751,1,98
particularly,0.001736,1,98
participate,0.001736,1,128
resistance,0.001720,1,126
consider,0.001714,2,301
fully,0.001714,2,323
result,0.001705,1,104
special,0.001690,1,89
world,0.001683,18,2570
wonderful,0.001664,3,545
peace,0.001664,3,664
social,0.001633,1,136
various,0.001633,1,95
state,0.001627,3,872
far,0.001624,2,369
affect,0.001619,1,105
steady,0.001619,1,174
confidence,0.001605,1,168
tense,0.001605,1,132
leave,0.001602,3,511
set,0.001569,2,332
loving-kindness,0.001566,1,187
attune,0.001553,1,120
create,0.001542,3,566
valuable,0.001503,1,105
together,0.001496,6,1094
torso,0.001480,1,132
generally,0.001468,1,105
appreciation,0.001468,1,210
suggest,0.001457,1,97
low,0.001445,1,143
stability,0.001445,1,176
step,0.001445,2,467
rather,0.001438,3,578
example,0.001435,2,395
across,0.001434,1,161
type,0.001434,1,190
broad,0.001412,1,133
define,0.001412,1,140
noble,0.001401,1,283
simplicity,0.001401,1,268
room,0.001396,2,461
tree,0.001391,1,215
edge,0.001391,1,182
function,0.001391,1,135
walk,0.001386,2,579
hatred,0.001380,1,214
away,0.001374,6,1076
rest,0.001370,3,573
anything,0.001366,5,883
pick,0.001359,1,129
orient,0.001339,1,223
involve,0.001338,2,448
daily,0.001329,1,172
return,0.001329,2,299
whatever,0.001321,9,1271
land,0.001300,1,176
alone,0.001291,1,154
large,0.001281,1,152
food,0.001281,1,203
contact,0.001263,1,237
settle,0.001253,4,1552
concentration,0.001236,1,247
instruction,0.001209,1,221
greed,0.001209,1,263
peaceful,0.001203,2,433
general,0.001201,1,175
place,0.001195,8,1656
emphasize,0.001192,1,177
ordinary,0.001184,1,203
form,0.001177,2,472
interest,0.001151,2,547
oneself,0.001135,1,197
everyone,0.001126,2,480
trust,0.001111,1,294
ever,0.001104,1,190
expand,0.001096,1,201
bear,0.001096,1,249
nothing,0.001084,2,514
within,0.001076,2,561
presence,0.001073,1,245
attitude,0.001066,1,304
system,0.001066,1,317
degree,0.001051,1,237
alive,0.001051,1,214
may,0.001050,8,2295
appreciate,0.001036,2,602
someone,0.001028,2,675
long,0.001024,6,987
gentle,0.001023,1,277
play,0.001023,1,289
human,0.001020,2,590
doe,0.001016,3,916
part,0.001009,10,1726
watch,0.001009,1,264
touch,0.001005,2,513
fill,0.001002,1,250
wish,0.000997,2,604
build,0.000995,1,247
concern,0.000982,1,290
big,0.000981,2,692
simple,0.000974,2,749
situation,0.000943,1,342
middle,0.000943,1,250
certainly,0.000943,1,219
translate,0.000943,1,279
normal,0.000917,1,193
direction,0.000917,1,262
almost,0.000913,2,580
area,0.000905,1,281
try,0.000894,5,1350
stand,0.000887,1,319
fall,0.000887,1,292
order,0.000887,1,252
engage,0.000875,1,353
push,0.000863,1,321
forward,0.000863,1,238
emotion,0.000857,1,397
energy,0.000857,1,448
real,0.000857,1,245
posture,0.000848,2,664
day,0.000848,4,1063
well-being,0.000846,1,593
pull,0.000840,1,338
capacity,0.000834,1,423
certain,0.000827,2,649
usually,0.000823,1,260
matter,0.000817,1,303
flow,0.000812,1,578
believe,0.000801,1,355
goodness,0.000801,1,490
stay,0.000792,2,872
safe,0.000792,2,451
true,0.000790,1,423
yes,0.000790,1,418
you've,0.000779,1,365
view,0.000779,1,761
clearly,0.000758,1,423
kindness,0.000758,1,566
read,0.000758,1,444
assume,0.000753,1,250
fronsdal,0.000748,1,319
might,0.000744,12,2246
allow,0.000737,4,1581
happy,0.000730,3,900
deep,0.000726,4,1807
today,0.000704,3,882
instead,0.000698,1,478
realize,0.000688,1,433
quality,0.000674,1,647
begin,0.000651,4,1493
full,0.000651,1,358
somehow,0.000646,1,340
put,0.000633,2,849
grow,0.000628,1,525
guide,0.000619,3,955
i'd,0.000619,1,454
point,0.000611,3,1189
towards,0.000606,1,518
meet,0.000606,1,671
aware,0.000601,1,671
important,0.000589,2,881
keep,0.000583,2,854
let,0.000580,16,2887
heart,0.000577,3,1755
story,0.000563,1,1137
tell,0.000555,1,647
link,0.000552,2,565
others,0.000540,2,1138
gil,0.000538,1,468
imagine,0.000538,1,480
thing,0.000528,18,5117
meditate,0.000518,1,538
work,0.000516,2,1422
attention,0.000516,2,1400
mean,0.000512,3,1547
recognize,0.000510,1,700
dharma,0.000506,1,870
happen,0.000505,5,2196
love,0.000505,2,1809
dharmette,0.000483,1,343
around,0.000472,3,1211
year,0.000449,1,868
need,0.000448,3,1638
last,0.000446,1,553
call,0.000441,2,1115
would,0.000440,3,2056
become,0.000406,5,1881
move,0.000403,1,671
suffer,0.000399,1,1751
idea,0.000396,2,1693
change,0.000385,1,1471
arise,0.000362,1,1093
right,0.000355,3,2321
person,0.000355,1,1156
another,0.000345,1,796
want,0.000344,6,3191
learn,0.000342,1,831
next,0.000342,1,668
body,0.000335,4,3405
find,0.000335,4,1762
people,0.000334,5,3497
quite,0.000332,1,733
great,0.000332,1,964
end,0.000325,3,1170
enough,0.000313,1,779
still,0.000310,1,827
buddha,0.000310,1,1958
bite,0.000304,2,1589
free,0.000291,1,790
make,0.000286,7,2532
understand,0.000273,1,1281
care,0.000267,1,1725
often,0.000267,1,1135
teach,0.000252,1,1555
back,0.000247,2,1553
life,0.000229,4,3018
present,0.000229,1,1330
bring,0.000223,1,1269
different,0.000217,2,1997
thank,0.000217,2,1259
lot,0.000217,2,1640
well,0.000190,1,1406
u,0.000179,10,3581
welcome,0.000176,1,751
mind,0.000176,6,4777
sense,0.000172,3,3086
many,0.000165,1,1165
look,0.000160,1,1512
take,0.000158,5,2368
information,0.000157,1,441
little,0.000153,2,2467
practice,0.000126,4,3987
much,0.000110,2,1749
moment,0.000108,1,1919
even,0.000108,4,1972
experience,0.000096,1,3247
good,0.000096,2,2632
think,0.000089,8,6192
sit,0.000074,1,1592
feel,0.000067,15,6492
time,0.000054,4,3091
ai-generated,0.000000,1,403
transcript,0.000000,1,406
auto-generated,0.000000,1,403
subtitle,0.000000,1,404
video,0.000000,1,426
meditation,0.000000,9,3673
likely,0.000000,1,498
contain,0.000000,1,437
inaccuracy,0.000000,1,403
follow,0.000000,1,759
talk,0.000000,4,2572
give,0.000000,2,2086
insight,0.000000,1,1714
center,0.000000,14,1193
redwood,0.000000,1,453
city,0.000000,1,512
california,0.000000,1,468
please,0.000000,1,604
visit,0.000000,1,495
website,0.000000,1,471
www,0.000000,1,418
audiodharma,0.000000,1,418
org,0.000000,1,434
